{"cameraMode":{"drawMode":0,"name":"Shaded","section":"Shading Mode"},"sceneLighting":true,"audioPlay":false,"sceneViewState":{"showFog":true,"showMaterialUpdate":false,"showSkybox":true,"showFlares":true,"showImageEffects":true,"showParticleSystems":true},"in2DMode":false,"pivot":{"x":-4.890481948852539,"y":1.5068117380142213,"z":19.916786193847658},"rotation":{"x":-0.22111260890960694,"y":-0.749070942401886,"z":0.30345118045806887,"w":-0.5458199977874756},"size":11.903154373168946,"orthographic":false}