{"cameraMode":{"drawMode":0,"name":"Shaded","section":"Shading Mode"},"sceneLighting":true,"audioPlay":false,"sceneViewState":{"showFog":true,"showMaterialUpdate":false,"showSkybox":true,"showFlares":true,"showImageEffects":true,"showParticleSystems":true},"in2DMode":false,"pivot":{"x":-17.1214542388916,"y":0.9858526587486267,"z":5.903358459472656},"rotation":{"x":-0.0702018290758133,"y":0.8871551156044006,"z":-0.4328174889087677,"w":-0.1438927948474884},"size":8.342813491821289,"orthographic":false}