{"cameraMode":{"drawMode":0,"name":"Shaded","section":"Shading Mode"},"sceneLighting":false,"audioPlay":false,"sceneViewState":{"showFog":true,"showMaterialUpdate":false,"showSkybox":true,"showFlares":true,"showImageEffects":true,"showParticleSystems":true},"in2DMode":false,"pivot":{"x":31.440420150756837,"y":10.26502513885498,"z":65.6576156616211},"rotation":{"x":-0.3967758119106293,"y":-0.5808178186416626,"z":0.3862132132053375,"w":-0.596706748008728},"size":39.04842758178711,"orthographic":false}