{"cameraMode":{"drawMode":0,"name":"Shaded","section":"Shading Mode"},"sceneLighting":false,"audioPlay":false,"sceneViewState":{"showFog":true,"showMaterialUpdate":false,"showSkybox":true,"showFlares":true,"showImageEffects":true,"showParticleSystems":true},"in2DMode":false,"pivot":{"x":4.861442565917969,"y":51.12710952758789,"z":161.67845153808595},"rotation":{"x":0.011962322518229485,"y":0.9869555234909058,"z":-0.13436615467071534,"w":0.08787216991186142},"size":6.791774749755859,"orthographic":false}