{"cameraMode":{"drawMode":0,"name":"Shaded","section":"Shading Mode"},"sceneLighting":true,"audioPlay":false,"sceneViewState":{"showFog":true,"showMaterialUpdate":true,"showSkybox":true,"showFlares":true,"showImageEffects":true,"showParticleSystems":true},"in2DMode":false,"pivot":{"x":238.2622528076172,"y":52.2214469909668,"z":348.892822265625},"rotation":{"x":0.0626768171787262,"y":-0.8913938403129578,"z":0.13008253276348115,"w":0.4296128749847412},"size":4.807002067565918,"orthographic":false}