{"cameraMode":{"drawMode":0,"name":"Shaded","section":"Shading Mode"},"sceneLighting":false,"audioPlay":false,"sceneViewState":{"showFog":true,"showMaterialUpdate":false,"showSkybox":true,"showFlares":true,"showImageEffects":true,"showParticleSystems":true},"in2DMode":false,"pivot":{"x":0.2914886474609375,"y":42.61499786376953,"z":180.15499877929688},"rotation":{"x":0.028365973383188249,"y":-0.9404805302619934,"z":0.32878604531288149,"w":0.08118782192468643},"size":559.4993896484375,"orthographic":false}