{"cameraMode":{"drawMode":0,"name":"Shaded","section":"Shading Mode"},"sceneLighting":false,"audioPlay":false,"sceneViewState":{"showFog":true,"showMaterialUpdate":false,"showSkybox":true,"showFlares":true,"showImageEffects":true,"showParticleSystems":true},"in2DMode":false,"pivot":{"x":241.859619140625,"y":53.92556381225586,"z":353.05206298828127},"rotation":{"x":0.027992915362119676,"y":0.9667195677757263,"z":-0.12098365277051926,"w":0.22367984056472779},"size":5.308764457702637,"orthographic":false}