{"cameraMode":{"drawMode":0,"name":"Shaded","section":"Shading Mode"},"sceneLighting":false,"audioPlay":false,"sceneViewState":{"showFog":true,"showMaterialUpdate":false,"showSkybox":true,"showFlares":true,"showImageEffects":true,"showParticleSystems":true},"in2DMode":false,"pivot":{"x":1.4799998998641968,"y":0.7821704149246216,"z":-17.804401397705079},"rotation":{"x":-0.09562557190656662,"y":0.10491233319044113,"z":-0.010136174038052559,"w":-0.9898214340209961},"size":2.180147409439087,"orthographic":false}